tenant_id,property_id,first_name,last_name,email,phone,date_of_birth,lease_start_date,lease_end_date,lease_term_months,monthly_rent,security_deposit,annual_income,credit_score,num_occupants,pet_owner,employment_status,tenant_status
TEN0001,PROP0045,Kelly,Delacruz,antoniopatterson@example.org,809.839.6791x424,2000-08-23,2026-03-02,2028-02-20,24,1883,2420,39329,669,4,Yes,Employed,Active
TEN0002,PROP0043,Robert,Martin,mtucker@example.net,001-443-895-4773,1968-04-06,2024-10-06,2025-10-01,12,1479,3319,39359,580,5,No,Employed,Active
TEN0003,PROP0047,Cory,Carter,stevensmith@example.net,+1-994-954-2363x043,1984-12-21,2025-05-25,2027-05-15,24,3011,4845,65683,806,4,Yes,Employed,Inactive
TEN0004,PROP0051,Kristi,Castro,michael93@example.org,+1-786-776-3056x6606,1974-03-11,2022-12-10,2024-06-02,18,1737,969,33390,596,3,Yes,Self-Employed,Active
TEN0005,PROP0079,Michael,Vasquez,jennifer78@example.net,001-323-256-6839x136,1991-06-25,2023-04-19,2025-04-08,24,3197,4370,66458,642,4,Yes,Employed,Active
TEN0006,PROP0051,Richard,Johnson,patrickwilliams@example.com,913-405-1711,1995-09-28,2023-02-16,2023-08-15,6,2150,4172,142424,632,4,No,Employed,Active
TEN0007,PROP0083,Caroline,Estrada,jerry62@example.com,499-521-6145,1988-07-16,2023-10-09,2024-04-06,6,2088,2867,89614,595,3,Yes,Student,Active
TEN0008,PROP0078,Alexandra,Bradley,bweaver@example.org,+1-684-711-6696x2097,1991-02-16,2022-09-04,2023-03-03,6,2492,1244,116200,786,2,No,Employed,Active
TEN0009,PROP0068,Becky,Mejia,lewiskenneth@example.org,284-521-4120x888,1980-01-05,2025-04-28,2025-10-25,6,3049,1873,56680,686,3,No,Retired,Active
TEN0010,PROP0004,Bethany,Young,rhonda00@example.com,(423)702-6563x84684,1972-02-25,2023-12-22,2024-12-16,12,2072,912,123032,631,5,No,Employed,Evicted
TEN0011,PROP0017,Edward,Reilly,gdavis@example.com,882.212.9379x5354,2003-02-04,2025-09-20,2027-09-10,24,2841,3190,45396,628,5,No,Employed,Active
TEN0012,PROP0073,Nancy,Howell,brownsteve@example.org,(427)286-7825,1992-03-21,2023-03-14,2024-03-08,12,2371,2361,89871,624,5,Yes,Retired,Active
TEN0013,PROP0065,Brendan,Richardson,wwaller@example.net,001-584-778-5120x92690,1969-06-30,2025-10-19,2027-04-12,18,1894,821,133247,809,3,No,Self-Employed,Active
TEN0014,PROP0098,Amanda,Bradley,rmerritt@example.com,+1-710-546-2718,1987-11-13,2025-10-25,2027-10-15,24,2629,4767,143411,626,3,No,Employed,Active
TEN0015,PROP0070,Tony,Jordan,sheila73@example.org,3834883523,1969-03-29,2025-06-03,2026-11-25,18,1778,3937,143980,646,2,No,Employed,Active
TEN0016,PROP0058,Jessica,Holmes,todd27@example.com,+1-216-469-6362x2290,1978-02-15,2025-05-28,2027-05-18,24,2828,1103,116991,627,2,No,Retired,Inactive
TEN0017,PROP0068,Christopher,Price,keithfernandez@example.org,735-922-4881,2000-04-07,2025-07-29,2026-01-25,6,862,1980,98937,783,4,Yes,Employed,Active
TEN0018,PROP0042,Brian,Charles,hernandezlaura@example.org,729-552-4377x645,2000-01-30,2024-04-13,2025-10-05,18,3461,1457,111691,753,3,No,Student,Active
TEN0019,PROP0075,Caitlyn,Reed,sullivannicholas@example.net,335.980.0049x87317,1956-01-12,2025-07-14,2026-01-10,6,1761,3154,110931,585,2,Yes,Employed,Active
TEN0020,PROP0095,Christopher,Daniels,davidadams@example.net,001-885-364-6436x238,1964-11-02,2022-08-22,2023-02-18,6,2026,1037,88153,635,1,No,Self-Employed,Active
TEN0021,PROP0057,Carrie,Gamble,meganevans@example.net,+1-419-807-5637x212,1965-02-12,2023-01-05,2024-12-25,24,2975,4175,49080,675,5,Yes,Employed,Active
TEN0022,PROP0058,Tammy,Griffin,ole@example.net,+1-872-599-4189x960,1968-12-09,2025-05-22,2026-05-17,12,1751,4577,95230,623,3,No,Employed,Active
TEN0023,PROP0072,Jennifer,Ellis,roy43@example.net,(218)877-7160x5545,1966-07-17,2026-01-05,2027-06-29,18,1102,4418,118815,630,3,No,Employed,Active
TEN0024,PROP0041,Jeffrey,Young,mmcdowell@example.com,671-637-1562,1955-07-30,2024-11-25,2026-11-15,24,1615,3951,140795,704,4,Yes,Employed,Active
TEN0025,PROP0086,Timothy,White,christina38@example.org,+1-361-877-0169x22272,1960-11-25,2025-06-10,2026-12-02,18,889,4042,121655,701,3,Yes,Employed,Active
TEN0026,PROP0009,Michael,Wong,williamstaylor@example.net,514.849.6680,1996-02-06,2023-03-09,2025-02-26,24,1742,3686,139161,696,2,Yes,Employed,Active
TEN0027,PROP0098,Jessica,Casey,katiekelly@example.net,(978)918-4026,1979-05-25,2024-12-09,2025-12-04,12,3370,1122,112345,599,3,No,Employed,Active
TEN0028,PROP0020,Courtney,Thornton,clarkjoshua@example.org,351.831.0526x4536,1988-03-29,2024-11-19,2025-05-18,6,2138,4203,149226,701,2,Yes,Employed,Active
TEN0029,PROP0056,Chris,Rice,susan55@example.org,001-228-657-1563,1979-07-21,2023-03-27,2024-09-17,18,1852,4747,138851,634,3,No,Self-Employed,Active
TEN0030,PROP0012,David,Ramos,meredithrandall@example.org,348.333.2196x12631,2003-08-18,2023-07-09,2024-07-03,12,2427,3796,128848,665,1,No,Employed,Active
TEN0031,PROP0070,Christopher,Barnett,keithwilson@example.org,471.229.7917,1993-07-11,2023-12-31,2025-06-23,18,3194,3921,118188,684,3,Yes,Employed,Active
TEN0032,PROP0092,Sarah,Craig,rogerslynn@example.com,262.692.1081x0040,2003-11-15,2023-06-11,2024-12-02,18,3452,1317,149964,663,4,No,Employed,Active
TEN0033,PROP0008,Amber,Melton,amber81@example.org,230-977-6011x87475,1985-05-23,2023-04-25,2023-10-22,6,1275,1596,69893,802,2,Yes,Employed,Active
TEN0034,PROP0082,Taylor,Calhoun,sandra44@example.com,+1-900-560-9366x5010,2002-05-02,2024-11-23,2026-11-13,24,2499,1611,106983,629,4,No,Retired,Active
TEN0035,PROP0057,Stephanie,Curtis,john16@example.com,(982)945-2982x472,1969-07-26,2025-10-11,2026-10-06,12,1767,3771,88115,777,1,No,Employed,Evicted
TEN0036,PROP0055,Brittany,Mejia,michael50@example.com,418-905-7258x161,1987-06-11,2024-02-01,2024-07-30,6,1577,1800,82184,691,4,Yes,Employed,Active
TEN0037,PROP0089,Mary,Murray,mhernandez@example.com,001-461-815-5981x91188,1977-04-10,2022-06-07,2022-12-04,6,1797,1831,36629,720,5,Yes,Employed,Active
TEN0038,PROP0032,Monique,Aguilar,gina30@example.com,246-922-0802x644,1967-03-26,2024-11-15,2025-11-10,12,2145,2008,136568,669,5,Yes,Employed,Evicted
TEN0039,PROP0020,Terry,Armstrong,jacquelinecontreras@example.org,+1-856-201-8035x11172,1962-06-15,2023-01-04,2024-06-27,18,1250,1011,134662,639,2,Yes,Employed,Active
TEN0040,PROP0088,Daniel,Lopez,franciskendra@example.org,(367)605-2833x63979,1955-12-16,2022-12-11,2024-06-03,18,1886,1229,32068,639,2,No,Employed,Active
TEN0041,PROP0073,Sharon,Carey,lrios@example.net,001-634-563-3666x6565,1981-05-14,2024-05-08,2026-04-28,24,2902,1693,131976,735,4,Yes,Retired,Active
TEN0042,PROP0098,Brian,Mcdaniel,ndavis@example.org,001-639-957-4951x4796,1963-03-13,2022-05-01,2023-10-23,18,1049,4723,90036,565,4,No,Employed,Active
TEN0043,PROP0068,John,Powell,melissadavis@example.org,880.926.9286x68165,1978-10-04,2024-03-25,2024-09-21,6,2119,2015,147868,591,1,Yes,Employed,Active
TEN0044,PROP0083,Daniel,Sloan,moniquejones@example.net,(973)904-0918,1955-04-16,2025-02-23,2026-08-17,18,2658,4941,79925,700,5,No,Employed,Active
TEN0045,PROP0097,Joshua,Stewart,brownmary@example.com,309.203.8036,1994-06-15,2023-11-26,2024-11-20,12,1735,4189,86370,781,3,No,Employed,Active
TEN0046,PROP0050,Carlos,Nelson,mooreerin@example.com,479-561-4254x412,1994-04-27,2024-02-06,2026-01-26,24,2333,2050,70963,680,4,Yes,Employed,Active
TEN0047,PROP0067,Kathleen,Hammond,katie91@example.org,241.727.2927x082,1967-02-03,2026-03-14,2026-09-10,6,1332,1291,127594,740,5,No,Employed,Active
TEN0048,PROP0099,Jennifer,Jackson,frederickjill@example.com,+1-216-569-9356x107,1962-05-25,2022-07-21,2024-07-10,24,1978,3359,143782,576,3,Yes,Employed,Active
TEN0049,PROP0098,Eric,Martinez,hansonemily@example.com,+1-374-278-8465x448,1975-07-07,2025-04-08,2027-03-29,24,2234,3811,59392,605,1,No,Employed,Inactive
TEN0050,PROP0084,Matthew,White,potterdaniel@example.com,478-777-9306x685,1983-08-30,2022-05-18,2022-11-14,6,918,2277,109822,686,3,No,Retired,Active
TEN0051,PROP0028,Thomas,Patel,robert63@example.org,394-214-3620x8146,1991-02-27,2024-10-28,2025-10-23,12,1085,1962,104228,755,1,Yes,Self-Employed,Active
TEN0052,PROP0065,Karen,Young,ulopez@example.com,9554409471,1964-06-05,2022-09-12,2024-09-01,24,2315,3352,74681,630,3,Yes,Retired,Active
TEN0053,PROP0092,Bruce,Wong,xvazquez@example.net,480.855.8471x61106,1983-01-12,2025-01-01,2025-06-30,6,1914,4429,118338,591,4,No,Employed,Active
TEN0054,PROP0033,Carlos,Lee,nelsonbrenda@example.com,001-741-467-9643x7213,1957-04-02,2023-04-26,2023-10-23,6,1254,3120,75242,770,5,No,Employed,Active
TEN0055,PROP0034,Stacey,Taylor,paynesuzanne@example.net,619-505-2450x208,1988-08-10,2023-07-31,2025-07-20,24,831,2474,108554,578,3,Yes,Self-Employed,Active
TEN0056,PROP0046,Sophia,Lee,kevin09@example.org,001-354-919-7232,1974-10-22,2025-09-17,2027-03-11,18,2837,4327,45726,553,2,Yes,Employed,Active
TEN0057,PROP0077,Cynthia,Davis,natalie36@example.net,386.531.5574,1965-08-26,2026-01-08,2027-07-02,18,973,4373,39447,753,1,No,Retired,Inactive
TEN0058,PROP0086,Holly,Carlson,deckerchristopher@example.com,907-230-3404x1655,1984-04-26,2024-06-11,2026-06-01,24,3422,4221,105156,757,3,Yes,Employed,Evicted
TEN0059,PROP0026,Donald,Perkins,tina70@example.net,486.579.5050,1980-03-16,2022-11-06,2024-10-26,24,1160,4377,139055,735,1,Yes,Employed,Active
TEN0060,PROP0013,Mario,Stewart,stevenclayton@example.net,(955)455-6808,1997-06-13,2024-05-22,2026-05-12,24,2190,2615,144101,708,3,Yes,Employed,Active
TEN0061,PROP0080,Elizabeth,Carter,william34@example.net,612.897.2630,1970-06-11,2022-08-07,2023-08-02,12,2238,2009,148741,728,2,Yes,Employed,Active
TEN0062,PROP0090,Kent,Cooper,scottangela@example.net,001-844-845-8474x35142,1985-12-06,2024-05-18,2025-05-13,12,1525,4847,129642,588,4,No,Employed,Inactive
TEN0063,PROP0096,Matthew,Howard,mark17@example.com,+1-537-977-7282x7635,1957-07-27,2025-08-26,2027-02-17,18,1418,4402,143278,711,1,No,Employed,Active
TEN0064,PROP0044,Emily,Contreras,kbrown@example.org,927-735-7901x312,1963-03-13,2025-01-09,2025-07-08,6,1103,3342,76129,809,4,No,Employed,Active
TEN0065,PROP0045,Timothy,Simmons,daniel40@example.com,(994)700-4784,1960-05-25,2025-12-01,2026-05-30,6,3319,4953,114497,596,4,No,Employed,Evicted
TEN0066,PROP0008,Nancy,Leonard,inovak@example.net,(906)616-9045,1976-03-23,2025-02-16,2027-02-06,24,2116,4696,149150,646,5,Yes,Student,Active
TEN0067,PROP0053,Austin,Giles,mark71@example.org,6465181986,1993-10-23,2026-03-11,2026-09-07,6,960,2829,96132,638,4,No,Employed,Active
TEN0068,PROP0056,Amber,Mcdowell,steven51@example.net,739-305-9235x61434,1999-07-15,2023-05-01,2024-10-22,18,2474,3571,67079,748,5,Yes,Self-Employed,Active
TEN0069,PROP0011,Judith,Taylor,kimberlymurray@example.org,640.996.3302x028,1965-04-10,2023-10-23,2025-04-15,18,1963,2864,42387,747,5,Yes,Employed,Active
TEN0070,PROP0023,Jared,Higgins,shannonfox@example.org,6042115331,1992-06-14,2023-04-12,2024-10-03,18,1328,1494,70662,750,3,No,Employed,Active
TEN0071,PROP0020,Caleb,Sosa,uholt@example.com,+1-726-216-1971x27908,1960-04-12,2023-09-26,2024-03-24,6,2882,3764,114675,766,1,No,Employed,Evicted
TEN0072,PROP0053,Adam,Christensen,hopkinsjoshua@example.net,001-783-514-2339,1991-02-15,2023-03-12,2025-03-01,24,1363,2069,55166,665,1,No,Self-Employed,Active
TEN0073,PROP0082,Calvin,Robinson,adudley@example.com,001-247-643-6903x575,2002-02-05,2023-10-09,2024-04-06,6,3331,1873,116760,722,5,No,Employed,Active
TEN0074,PROP0092,Anthony,Duncan,kimberlygraham@example.net,(677)279-7145,1982-02-01,2023-01-07,2024-01-02,12,978,4165,124526,774,3,Yes,Student,Active
TEN0075,PROP0069,Nicholas,Wood,nicholascook@example.com,249.545.1645x9810,1975-09-22,2022-03-30,2023-03-25,12,2067,4642,99993,672,2,No,Employed,Active
TEN0076,PROP0068,Shannon,May,lindsey34@example.net,001-239-435-9975x96674,1987-10-13,2023-10-22,2025-10-11,24,2364,4919,130851,694,5,No,Student,Inactive
TEN0077,PROP0090,Amy,Brown,ysandoval@example.net,535-569-9304x24921,1984-07-12,2022-07-17,2023-07-12,12,1013,4736,144426,678,3,Yes,Self-Employed,Active
TEN0078,PROP0018,Kim,Wright,idavis@example.com,261.895.4040x22307,1986-08-27,2022-05-27,2023-11-18,18,1917,4480,40993,632,5,Yes,Self-Employed,Active
TEN0079,PROP0034,Brandon,Allen,moralesjohn@example.org,7234255949,1958-06-04,2023-06-11,2025-05-31,24,909,4198,145950,728,1,No,Employed,Active
TEN0080,PROP0013,Traci,Dixon,barbara10@example.org,+1-738-385-8703x7550,1980-12-20,2023-06-22,2024-12-13,18,2105,1611,59430,564,3,Yes,Employed,Active
TEN0081,PROP0073,Victoria,Jefferson,gwendolynprice@example.com,296-878-1861x648,1982-10-20,2025-06-13,2026-06-08,12,2637,843,129462,790,1,Yes,Employed,Inactive
TEN0082,PROP0083,Katie,Romero,wpayne@example.net,6915627995,1996-07-14,2023-06-07,2025-05-27,24,1773,3267,44573,697,1,Yes,Employed,Active
TEN0083,PROP0092,Kaitlyn,Vaughn,cervantesdouglas@example.net,692.945.9831,1979-01-16,2026-02-12,2028-02-02,24,2847,934,38232,606,5,Yes,Self-Employed,Active
TEN0084,PROP0001,Rebecca,Clark,ybrown@example.org,631-726-6134x412,1966-07-31,2022-07-08,2023-12-30,18,1567,1501,61531,763,5,No,Employed,Active
TEN0085,PROP0077,Christopher,Rice,john16@example.org,+1-798-636-3568x809,1968-12-09,2023-08-31,2024-02-27,6,978,3969,81177,790,3,No,Self-Employed,Active
TEN0086,PROP0011,April,Richards,andrewscharles@example.org,(747)739-9910,1962-03-22,2022-06-24,2023-12-16,18,3183,3523,61604,603,2,Yes,Employed,Active
TEN0087,PROP0096,Nicholas,Coleman,michael66@example.net,+1-451-302-5480x727,1991-05-31,2026-01-12,2027-01-07,12,2760,2293,138840,787,2,Yes,Self-Employed,Inactive
TEN0088,PROP0005,Jenna,Benton,bfrederick@example.net,(219)743-7936,1969-05-24,2022-06-22,2023-12-14,18,1617,1143,56422,572,3,No,Employed,Evicted
TEN0089,PROP0082,Gregory,Perez,aswanson@example.net,498.428.3357x739,2003-08-02,2024-09-16,2026-09-06,24,3449,2365,63202,568,3,No,Retired,Active
TEN0090,PROP0097,Jennifer,Snyder,nsosa@example.net,(505)407-4759x6701,1964-11-19,2022-07-07,2023-12-29,18,2307,4379,65811,613,4,No,Retired,Active
TEN0091,PROP0028,Thomas,Ewing,kennethdaniels@example.org,(315)613-5073,1979-05-24,2023-02-03,2025-01-23,24,2304,2984,120710,804,1,No,Employed,Active
TEN0092,PROP0028,Samantha,Gates,stephen97@example.com,7618396988,2000-12-24,2025-11-19,2027-05-13,18,1127,3486,72101,602,3,No,Employed,Active
TEN0093,PROP0026,Leonard,Gutierrez,kingsamuel@example.net,+1-560-400-9383x80366,1997-02-01,2024-02-24,2026-02-13,24,973,3688,76077,778,5,No,Employed,Evicted
TEN0094,PROP0010,Lauren,Hernandez,nshelton@example.org,565-845-3094x9992,1977-10-23,2024-10-08,2025-04-06,6,2288,2110,117973,757,1,Yes,Self-Employed,Active
TEN0095,PROP0068,William,Torres,edwardwashington@example.net,+1-706-878-0996x163,1989-08-15,2022-10-05,2023-04-03,6,1766,3800,46545,584,3,No,Retired,Active
TEN0096,PROP0024,Michael,Smith,smithjennifer@example.org,+1-852-977-3086x5244,1973-02-28,2025-10-11,2027-10-01,24,2618,1429,78623,740,5,Yes,Employed,Active
TEN0097,PROP0097,Valerie,Barron,joel87@example.net,211-246-8741x32712,1962-03-21,2025-07-23,2027-01-14,18,906,2324,62717,608,4,No,Retired,Active
TEN0098,PROP0042,Brianna,Torres,justin58@example.org,(771)423-3727x9695,1955-10-16,2022-09-01,2024-08-21,24,2811,2439,58124,696,1,Yes,Retired,Active
TEN0099,PROP0068,Joshua,Glass,patricia71@example.net,+1-624-269-3850x0122,1993-08-11,2023-10-04,2024-04-01,6,2223,1331,136235,713,5,No,Retired,Inactive
TEN0100,PROP0095,Lauren,Ramirez,lalvarez@example.com,441.697.9083,1966-05-08,2026-02-21,2027-02-16,12,2883,2636,134031,735,1,Yes,Self-Employed,Active
TEN0101,PROP0076,Patrick,Bradley,david50@example.com,(876)819-6793x9625,1998-01-30,2024-04-14,2024-10-11,6,2714,1863,77303,738,5,Yes,Employed,Active
TEN0102,PROP0074,Andrew,Johnson,tjohnston@example.com,001-927-292-7141x1833,1970-06-17,2024-03-14,2026-03-04,24,3154,1404,130815,759,2,No,Employed,Active
TEN0103,PROP0079,George,Rivers,osbornecarol@example.net,503-451-8365,1962-12-23,2025-08-22,2027-02-13,18,1328,4344,46821,643,5,Yes,Self-Employed,Active
TEN0104,PROP0047,Arthur,Christensen,charles33@example.org,914-394-8494x146,1988-09-09,2025-03-16,2026-03-11,12,1723,3634,51229,715,5,No,Self-Employed,Active
TEN0105,PROP0095,Allen,Ingram,brandoncampbell@example.org,+1-850-934-3782x29932,1990-03-28,2025-04-05,2026-09-27,18,3316,1565,46406,705,5,Yes,Employed,Active
TEN0106,PROP0026,Alicia,Thomas,sherriwagner@example.net,001-465-747-7743x75746,1995-12-06,2024-03-20,2025-09-11,18,916,1465,140432,571,1,No,Employed,Active
TEN0107,PROP0065,Michael,Jordan,patricia12@example.com,571-259-1689x81735,1959-01-07,2024-10-14,2025-04-12,6,3429,3274,95278,698,4,Yes,Self-Employed,Active
TEN0108,PROP0047,Dawn,Cooper,vanessa75@example.net,230.962.7187,1972-03-23,2025-07-24,2027-07-14,24,1447,4401,39564,580,4,No,Employed,Active
TEN0109,PROP0023,Teresa,Green,bianca35@example.org,+1-497-277-6322x924,1995-03-30,2022-08-22,2024-02-13,18,2214,4066,142916,713,2,No,Employed,Active
TEN0110,PROP0036,Kelly,Bennett,ejacobs@example.org,856-785-0109x7558,1956-04-22,2022-11-06,2024-10-26,24,2641,2830,46059,686,2,Yes,Employed,Inactive
TEN0111,PROP0091,Tamara,Saunders,vrogers@example.com,(277)463-9194x74002,1998-10-05,2024-05-01,2026-04-21,24,2141,3361,62541,631,2,Yes,Employed,Active
TEN0112,PROP0076,Jacob,Ramirez,carol62@example.org,001-438-516-0357x0398,1990-08-13,2023-01-16,2024-07-09,18,1168,4021,95191,561,5,No,Student,Active
TEN0113,PROP0055,Christina,Watkins,maryjohnson@example.com,(423)647-9534x67310,1997-06-30,2023-04-18,2023-10-15,6,2827,4655,36624,694,3,Yes,Self-Employed,Active
TEN0114,PROP0042,Joshua,Anderson,helenleonard@example.org,+1-432-392-4169x08453,1988-02-01,2022-11-15,2024-05-08,18,2298,1170,130120,756,4,Yes,Employed,Active
TEN0115,PROP0083,Mitchell,Martinez,jessicadouglas@example.net,001-964-695-0492x1869,1975-06-22,2023-02-13,2024-08-06,18,2865,4489,39637,747,5,No,Self-Employed,Active
TEN0116,PROP0091,Emily,Dixon,annajohnson@example.net,(820)710-9672x41364,1985-05-19,2025-10-21,2026-04-19,6,2413,3857,46864,599,3,No,Self-Employed,Active
TEN0117,PROP0078,Rachel,Adams,carpentertimothy@example.net,(500)500-8868x902,1998-07-07,2024-03-22,2026-03-12,24,985,1118,95546,570,2,No,Self-Employed,Active
TEN0118,PROP0024,Zachary,Howell,matthewmartinez@example.com,659.774.8512x6688,1972-11-19,2022-04-13,2023-04-08,12,1465,4019,72987,713,5,No,Employed,Active
TEN0119,PROP0078,Tammy,Davis,davidhunter@example.com,750-641-3541x11918,1969-08-14,2025-08-14,2027-08-04,24,2745,936,122895,703,3,No,Employed,Evicted
TEN0120,PROP0087,Jennifer,Mcknight,fprice@example.com,+1-799-365-6576x8607,1955-04-16,2024-09-01,2026-02-23,18,3244,4687,134432,563,3,Yes,Self-Employed,Active
TEN0121,PROP0026,Mike,Guerrero,wrightnicole@example.com,(909)414-0698x135,1985-09-11,2025-12-23,2027-12-13,24,929,1700,49369,674,2,Yes,Employed,Active
TEN0122,PROP0062,Riley,Young,dlawrence@example.org,001-885-664-7174x605,1994-04-13,2024-02-23,2025-02-17,12,3304,4663,83788,806,1,Yes,Employed,Active
TEN0123,PROP0098,Kaitlyn,Reed,nathan59@example.com,+1-680-917-2528x26050,1956-10-28,2023-08-15,2025-08-04,24,2085,2218,98875,742,4,No,Employed,Active
TEN0124,PROP0096,Tammy,Juarez,rojasjacob@example.net,720.819.7869x407,1974-12-02,2022-07-04,2023-12-26,18,1587,2819,109963,797,3,No,Employed,Evicted
TEN0125,PROP0047,Bobby,Edwards,brenda77@example.com,645-484-9769x416,1965-12-02,2022-10-15,2024-04-07,18,2802,3397,122392,656,4,No,Employed,Inactive
TEN0126,PROP0044,Antonio,White,wramsey@example.com,262-444-5257,2003-04-03,2022-11-30,2024-05-23,18,2416,3627,45974,744,2,No,Employed,Evicted
TEN0127,PROP0013,Kayla,Taylor,dtapia@example.net,(573)871-4906x584,1981-10-16,2022-08-30,2024-02-21,18,2762,2552,87983,681,2,No,Retired,Active
TEN0128,PROP0022,Ashley,Smith,martinezedward@example.com,(908)573-9338x750,1971-05-24,2025-01-17,2025-07-16,6,1793,1215,110698,672,5,Yes,Employed,Active
TEN0129,PROP0062,Andrew,Watkins,zhudson@example.net,(642)674-1681x26971,1967-02-16,2023-04-27,2024-10-18,18,1211,1926,124025,791,1,Yes,Employed,Inactive
TEN0130,PROP0073,Sarah,Johnson,toddalexander@example.org,(674)780-3865,1966-01-11,2025-07-21,2027-07-11,24,1976,3431,115267,652,3,Yes,Retired,Active
TEN0131,PROP0086,Chloe,Brown,jmorris@example.org,+1-908-243-4933x030,2002-05-30,2024-07-22,2025-07-17,12,1517,4223,100143,569,2,Yes,Student,Active
TEN0132,PROP0076,Benjamin,Burke,ronaldmorris@example.org,849-683-7655x07605,2004-11-02,2024-05-01,2025-04-26,12,953,875,128173,698,3,Yes,Retired,Active
TEN0133,PROP0070,Megan,Anderson,ryanmichael@example.org,269-833-9359,1990-01-02,2024-05-07,2026-04-27,24,2865,4634,146557,618,3,Yes,Self-Employed,Active
TEN0134,PROP0070,Lisa,Good,kdrake@example.net,523-367-6991x83850,1972-09-07,2024-04-10,2025-10-02,18,857,3561,124188,645,3,Yes,Employed,Inactive
TEN0135,PROP0061,Michael,Benson,tina18@example.net,5729819330,2004-07-27,2023-08-31,2025-08-20,24,1155,4083,97538,717,1,Yes,Student,Active
TEN0136,PROP0039,Craig,Quinn,brittanymorrison@example.org,252.341.2155,1990-09-30,2022-10-17,2023-04-15,6,1764,4459,64181,746,3,No,Employed,Active
TEN0137,PROP0002,Justin,Newman,barrjennifer@example.org,(410)447-0318x85233,1969-12-03,2025-05-29,2026-11-20,18,1767,1308,115679,734,1,No,Employed,Active
TEN0138,PROP0077,Cheryl,Miller,costaomar@example.com,(671)793-1442x544,1980-11-18,2025-11-18,2027-05-12,18,3416,3216,120477,610,3,Yes,Employed,Active
TEN0139,PROP0024,Steven,Miller,adavis@example.org,766.604.8560,1976-05-06,2022-11-22,2024-11-11,24,2503,4657,128007,741,5,Yes,Self-Employed,Active
TEN0140,PROP0089,Jerry,Thompson,frederick63@example.net,599-766-8234x28680,1962-11-04,2023-02-25,2023-08-24,6,2963,3763,98879,778,1,Yes,Employed,Active
TEN0141,PROP0077,Laura,Thomas,brianbarnes@example.com,+1-251-429-7834x91987,2003-10-11,2023-12-03,2024-11-27,12,1473,3487,105065,626,5,No,Employed,Active
TEN0142,PROP0087,Katherine,Fletcher,sanchezjoshua@example.org,243.459.6041,2001-12-30,2023-03-27,2025-03-16,24,2624,1255,41919,811,4,Yes,Employed,Active
TEN0143,PROP0010,Timothy,Perez,bmartin@example.net,001-503-441-2288x712,1995-08-25,2023-02-20,2025-02-09,24,889,4043,118181,707,3,Yes,Self-Employed,Active
TEN0144,PROP0008,Adam,Kelley,michaelmorse@example.com,269-628-8010x850,1994-04-24,2023-11-11,2025-10-31,24,3016,1293,75158,582,1,No,Employed,Active
TEN0145,PROP0022,David,Lam,jason29@example.org,(989)485-0053,1962-12-18,2026-01-28,2028-01-18,24,2637,3892,79081,745,4,Yes,Employed,Active
TEN0146,PROP0082,Chelsea,Bean,noahrodriguez@example.com,001-836-556-3470x32004,1993-09-19,2025-03-02,2026-02-25,12,1285,2262,115660,728,5,No,Employed,Active
TEN0147,PROP0034,Brenda,Adkins,hhall@example.net,636.676.0647x9715,1963-09-10,2022-08-12,2023-02-08,6,2022,4592,129113,561,5,No,Employed,Inactive
TEN0148,PROP0039,Cody,Valdez,carterdavid@example.com,9605516659,1982-04-01,2025-09-19,2027-09-09,24,1929,2344,75371,629,1,Yes,Self-Employed,Active
TEN0149,PROP0003,Jimmy,Baker,hboyd@example.org,220-467-6178,1999-05-20,2024-11-03,2025-10-29,12,1213,1075,57011,584,4,Yes,Employed,Active
TEN0150,PROP0068,Jonathon,Clark,mrhodes@example.org,(543)913-4040x0647,1977-10-06,2025-04-26,2026-04-21,12,1031,1947,100747,661,5,No,Employed,Inactive
TEN0151,PROP0086,Luis,Gutierrez,zallen@example.com,001-498-669-7370x9353,1974-08-19,2025-10-30,2027-04-23,18,1770,3272,105690,714,2,Yes,Employed,Active
TEN0152,PROP0084,Ethan,Taylor,juankelly@example.com,001-430-985-5136,1983-04-04,2024-07-10,2025-07-05,12,3076,4860,112050,768,1,No,Retired,Active
TEN0153,PROP0080,Taylor,Sanchez,carolyn17@example.com,518-402-5044,2001-07-23,2022-04-12,2023-10-04,18,2472,2022,121266,763,3,No,Employed,Active
TEN0154,PROP0036,John,Johnson,kaylee43@example.net,(571)285-0226,1993-03-04,2024-04-15,2025-04-10,12,2696,1272,69418,623,5,No,Student,Active
TEN0155,PROP0022,Autumn,Murillo,ibutler@example.com,+1-480-574-1855x2543,1968-09-21,2024-08-13,2026-08-03,24,1632,3505,61831,680,1,No,Self-Employed,Active
TEN0156,PROP0030,Eric,Thompson,steven08@example.org,+1-831-772-5380x4524,1959-11-16,2023-11-09,2024-05-07,6,3277,1123,65187,743,1,Yes,Self-Employed,Active
TEN0157,PROP0099,Travis,Riley,tmack@example.net,913.542.0137,1970-12-08,2025-06-17,2026-06-12,12,2163,3283,92835,656,1,Yes,Retired,Evicted
TEN0158,PROP0018,Sherri,Mcdonald,josephtownsend@example.net,001-499-416-3157,1969-05-08,2025-02-22,2027-02-12,24,3275,2475,149857,674,4,Yes,Employed,Active
TEN0159,PROP0058,Benjamin,Walters,zmiller@example.org,+1-895-964-5683x084,2004-06-16,2023-03-09,2025-02-26,24,2063,2942,99946,733,3,No,Employed,Inactive
TEN0160,PROP0073,Daniel,Hamilton,serickson@example.net,284-262-1244,1991-08-30,2023-02-26,2024-08-19,18,2318,3363,149843,654,4,Yes,Employed,Active
TEN0161,PROP0023,April,Butler,joelperez@example.org,2264382945,1979-05-16,2024-04-28,2024-10-25,6,2009,2048,64180,763,2,No,Employed,Active
TEN0162,PROP0039,Jody,Fields,zschneider@example.com,(947)409-1662x693,1999-08-11,2024-07-08,2026-06-28,24,1854,4802,102173,722,4,No,Employed,Active
TEN0163,PROP0026,Sean,Decker,colemantravis@example.com,4976575110,1986-07-14,2024-03-08,2025-03-03,12,1553,1281,124412,800,5,Yes,Self-Employed,Active
TEN0164,PROP0099,Erin,Allen,rebeccacurtis@example.com,+1-359-412-0446x65662,1965-11-17,2023-09-12,2024-03-10,6,2489,1926,130183,553,2,Yes,Self-Employed,Active
TEN0165,PROP0077,Ricky,Johnson,ebanks@example.com,756.931.6610,1993-07-02,2025-11-26,2027-11-16,24,3330,4758,78916,580,4,Yes,Employed,Active
TEN0166,PROP0002,Michael,Ayers,mary28@example.org,4558282529,2005-03-13,2025-10-26,2026-04-24,6,2994,3148,99391,690,1,No,Self-Employed,Inactive
TEN0167,PROP0016,Lindsey,Jones,kennedywilliam@example.net,(794)659-9299x84219,1983-11-23,2025-01-14,2025-07-13,6,1787,2372,98732,626,5,No,Self-Employed,Active
TEN0168,PROP0060,Christopher,Thompson,brian74@example.net,001-368-499-0236x68277,1981-06-21,2023-05-22,2023-11-18,6,2680,2792,78896,757,2,No,Employed,Inactive
TEN0169,PROP0097,Christopher,Fernandez,velliott@example.org,(426)572-4402x6060,1998-08-23,2023-04-19,2023-10-16,6,2353,3889,42255,757,5,No,Employed,Active
TEN0170,PROP0026,Sandra,Perry,juliaflores@example.net,(479)536-4840x490,1973-12-11,2026-01-06,2026-07-05,6,3441,3513,95517,772,5,Yes,Retired,Inactive
TEN0171,PROP0035,Preston,Johnson,lisamason@example.net,540.595.6295x788,1962-09-02,2022-07-29,2023-07-24,12,1910,1181,148131,793,1,No,Retired,Active
TEN0172,PROP0005,Sharon,Parker,qhawkins@example.com,238.688.7341x3116,1982-06-05,2025-10-05,2026-09-30,12,864,2497,141467,711,5,Yes,Self-Employed,Active
TEN0173,PROP0060,Maurice,Pittman,williamstravis@example.net,001-323-310-5210x7163,1960-12-01,2024-08-30,2025-02-26,6,3109,2769,69226,633,5,No,Employed,Active
TEN0174,PROP0059,Rebecca,Bass,beanangela@example.com,(586)290-7365,2004-12-25,2023-02-06,2024-02-01,12,2851,3633,133612,590,1,Yes,Employed,Inactive
TEN0175,PROP0053,Gavin,Roach,lcole@example.org,410-920-6063x8199,1956-05-06,2022-04-26,2024-04-15,24,921,3039,131391,717,4,No,Employed,Active
TEN0176,PROP0058,Mariah,Thompson,schwartzscott@example.com,957.219.8242x85605,1971-11-15,2022-10-19,2024-10-08,24,1151,3219,54345,744,2,Yes,Employed,Active
TEN0177,PROP0095,Steven,Morris,clarkrobert@example.net,(382)250-8507,1983-06-19,2024-01-13,2025-01-07,12,2097,3754,126948,749,1,Yes,Employed,Active
TEN0178,PROP0056,Elizabeth,Norris,markscynthia@example.com,3498105357,1992-04-13,2023-04-15,2024-10-06,18,1157,2335,43399,617,4,No,Employed,Active
TEN0179,PROP0016,Paul,Griffith,richard64@example.org,886-604-6426,1973-01-26,2023-02-08,2023-08-07,6,3070,1562,41746,731,5,No,Retired,Active
TEN0180,PROP0062,Linda,Price,ebrown@example.com,+1-728-321-4589,1972-09-09,2025-10-09,2027-09-29,24,3091,2788,132127,593,5,Yes,Employed,Active
TEN0181,PROP0043,Madison,Gould,schwartzjennifer@example.com,(975)481-3259x041,1963-03-20,2022-10-03,2024-03-26,18,1397,1318,65180,802,2,No,Employed,Active
TEN0182,PROP0012,Robert,Moore,samuelcervantes@example.net,001-834-489-0410x461,2004-02-13,2022-12-03,2024-05-26,18,3360,4861,62990,676,5,Yes,Employed,Active
TEN0183,PROP0001,Cindy,King,batesbrandi@example.org,259.564.2887,1995-01-29,2025-04-29,2027-04-19,24,2149,4406,73544,744,3,No,Self-Employed,Inactive
TEN0184,PROP0089,Steven,Soto,penny66@example.com,(225)535-9799,1980-07-17,2023-01-17,2024-01-12,12,3270,2445,69378,714,4,No,Employed,Active
TEN0185,PROP0050,Christopher,Wright,hrivers@example.com,001-650-351-6238x5315,1995-01-11,2025-08-06,2027-01-28,18,3158,2785,126321,801,3,No,Employed,Active
TEN0186,PROP0056,Lori,Carr,jeremy69@example.com,731.442.6707x65725,1957-09-20,2023-06-12,2023-12-09,6,3225,2273,103905,652,5,Yes,Student,Active
TEN0187,PROP0032,Nicole,Brady,johnsoncody@example.com,516.454.5805,1981-12-07,2025-05-27,2027-05-17,24,1083,4151,134554,699,4,Yes,Employed,Active
TEN0188,PROP0098,Kimberly,White,newtonmonica@example.com,(428)779-7410x05320,1985-04-26,2024-03-17,2025-03-12,12,2344,1405,123747,766,4,No,Employed,Active
TEN0189,PROP0065,Denise,Brown,williamsandrew@example.com,560.407.7515,1964-08-25,2025-10-13,2026-04-11,6,2999,1496,133641,734,1,Yes,Employed,Active
TEN0190,PROP0096,Wayne,Johnson,hughesnicole@example.com,912.908.5425x31941,1990-06-10,2023-11-20,2024-05-18,6,2158,4326,103822,754,1,Yes,Employed,Active
TEN0191,PROP0079,Aaron,Reynolds,stacy62@example.net,559-778-5591x40136,1962-08-04,2024-04-11,2025-04-06,12,2402,4593,88429,741,5,Yes,Employed,Active
TEN0192,PROP0016,Michael,Duran,rreyes@example.net,752-540-9128x3342,1963-05-03,2023-11-16,2025-05-09,18,1275,1960,84522,593,3,No,Employed,Active
TEN0193,PROP0079,Alan,Dean,hclark@example.com,(684)981-4302x8925,1956-04-27,2025-12-23,2027-12-13,24,1199,4389,75652,793,4,No,Employed,Active
TEN0194,PROP0017,Sarah,Young,ucase@example.net,471-201-1771x0911,1998-08-04,2024-04-30,2024-10-27,6,3454,1695,141303,725,2,Yes,Employed,Active
TEN0195,PROP0052,Michael,Blake,dgriffin@example.org,4599553674,1962-04-03,2024-09-15,2026-09-05,24,2459,2311,90562,668,2,No,Employed,Active
TEN0196,PROP0031,Steven,Scott,brett05@example.com,5912375867,1971-04-03,2024-09-22,2026-09-12,24,2392,836,107621,769,2,Yes,Employed,Active
TEN0197,PROP0011,Anthony,Graham,rebeccajones@example.com,+1-257-949-7988x4535,1996-01-01,2025-04-06,2025-10-03,6,2298,3470,134792,645,2,No,Employed,Active
TEN0198,PROP0075,Jennifer,Ryan,qwatkins@example.org,(609)668-3336,1972-01-15,2022-08-10,2024-02-01,18,3303,4015,108246,748,5,Yes,Employed,Inactive
TEN0199,PROP0092,Caitlin,Sawyer,fleblanc@example.com,+1-543-561-5971x6293,1976-11-27,2025-03-21,2026-03-16,12,3316,1494,136658,702,2,No,Employed,Active
TEN0200,PROP0028,Heather,Paul,bonillatiffany@example.net,430.226.0395x64446,2001-02-09,2024-04-06,2025-09-28,18,2892,3982,120890,622,4,Yes,Employed,Active
TEN0201,PROP0075,Martin,Whitaker,ystone@example.net,+1-639-502-6485x46006,1959-04-26,2023-12-13,2024-12-07,12,2805,3166,102733,635,2,Yes,Employed,Active
TEN0202,PROP0009,Charles,Smith,taylorbryan@example.com,363-922-7942x207,1981-08-01,2023-12-03,2025-05-26,18,1359,2398,31256,798,4,No,Employed,Active
TEN0203,PROP0068,David,Dunn,hernandeztimothy@example.org,676.467.6481,1975-02-13,2025-11-14,2027-11-04,24,3115,1052,51922,592,2,No,Employed,Active
TEN0204,PROP0045,Matthew,Turner,davidpowell@example.com,962-636-3494x440,1968-07-01,2022-04-26,2023-04-21,12,3116,4857,132333,784,5,Yes,Employed,Active
TEN0205,PROP0082,Heather,Sharp,ashleychen@example.com,001-546-701-0947x5060,2005-02-18,2024-01-09,2025-07-02,18,2607,2590,101046,571,4,Yes,Self-Employed,Active
TEN0206,PROP0039,Casey,Young,dbowman@example.org,246.531.0677x06078,1992-02-01,2023-05-14,2024-11-04,18,2642,2952,144663,566,3,Yes,Employed,Evicted
TEN0207,PROP0036,Michael,Simmons,joannabrown@example.net,+1-607-998-2528,1977-05-08,2022-10-01,2023-09-26,12,3299,4307,136260,729,2,Yes,Self-Employed,Inactive
TEN0208,PROP0010,Melissa,Elliott,marycruz@example.net,+1-613-709-2169x99238,1979-07-06,2023-03-01,2024-08-22,18,3244,2179,99767,693,3,No,Employed,Active
TEN0209,PROP0078,Larry,Romero,gardnermatthew@example.com,4626684401,1986-03-16,2023-10-27,2024-04-24,6,1042,3071,47771,760,2,Yes,Employed,Active
TEN0210,PROP0039,Dawn,Ford,amandabarrett@example.org,+1-711-799-4142,1957-03-25,2023-12-10,2025-11-29,24,3165,3001,94154,622,4,No,Employed,Active
TEN0211,PROP0014,Matthew,Dominguez,tony33@example.com,291.753.1926,1973-12-19,2022-12-23,2024-12-12,24,2311,4524,97582,692,4,No,Employed,Inactive
TEN0212,PROP0014,Regina,Ramos,stoneleslie@example.com,001-319-523-9796x92002,1970-09-06,2022-08-21,2024-08-10,24,1059,4058,113209,733,2,No,Self-Employed,Active
TEN0213,PROP0051,Heather,Allen,beverly86@example.net,4062170605,1966-11-25,2025-10-14,2027-04-07,18,3118,4775,74270,616,3,Yes,Employed,Active
TEN0214,PROP0070,Robert,Thompson,icampbell@example.net,393.462.0491,1980-02-08,2024-06-23,2024-12-20,6,2607,4539,46284,630,1,No,Employed,Active
TEN0215,PROP0020,Cynthia,Manning,theresajones@example.net,001-886-521-2191x32297,1983-08-03,2022-11-19,2024-05-12,18,1182,3752,50837,690,3,Yes,Employed,Inactive
TEN0216,PROP0026,Morgan,Hawkins,poncerichard@example.net,(212)858-5027x615,1974-04-22,2023-07-18,2024-01-14,6,1759,4316,81949,706,1,Yes,Employed,Active
TEN0217,PROP0020,Rachel,Armstrong,xharris@example.net,(959)982-3550,1969-12-11,2025-06-30,2026-06-25,12,838,866,98084,777,3,Yes,Student,Active
TEN0218,PROP0020,Daniel,Morgan,zacharycox@example.com,(906)467-4431x2669,1969-06-14,2023-03-26,2025-03-15,24,2369,1531,39283,667,1,Yes,Employed,Inactive
TEN0219,PROP0022,Kristina,Bird,xmcgee@example.com,+1-651-693-2414x816,1960-10-02,2022-06-15,2024-06-04,24,3427,1970,131379,618,1,Yes,Employed,Active
TEN0220,PROP0054,Jacob,Parker,winterskayla@example.org,001-538-290-4298x48835,1992-07-08,2023-08-02,2024-07-27,12,2486,4424,112323,627,2,Yes,Retired,Active
TEN0221,PROP0018,Travis,Becker,mrocha@example.com,(762)612-7194x67812,1962-03-06,2023-05-15,2025-05-04,24,2088,1945,76076,769,2,No,Employed,Active
TEN0222,PROP0089,Karina,Dorsey,laura91@example.com,(777)341-0399x011,1975-10-27,2022-05-07,2023-10-29,18,3496,3271,132101,563,2,Yes,Self-Employed,Active
TEN0223,PROP0009,Jacob,Christensen,james23@example.org,491-971-1218x94174,1991-06-15,2022-07-24,2023-07-19,12,1261,2774,94865,747,4,Yes,Employed,Evicted
TEN0224,PROP0056,Michelle,Smith,christina63@example.com,711-389-7743x8499,1983-02-12,2023-01-01,2024-06-24,18,3128,4247,47299,748,3,Yes,Self-Employed,Evicted
TEN0225,PROP0012,Christopher,Palmer,tyler56@example.net,(268)301-9502x44544,1964-12-15,2022-10-05,2023-04-03,6,856,2947,106986,584,2,Yes,Retired,Inactive
TEN0226,PROP0060,Denise,Cantu,jacksonsean@example.net,+1-205-938-8709x097,2001-02-03,2025-04-24,2026-10-16,18,2501,4269,112388,806,4,Yes,Employed,Active
TEN0227,PROP0024,Heather,Hardy,msoto@example.net,001-657-428-1112,1965-09-09,2025-03-10,2026-09-01,18,1123,4988,40957,708,2,Yes,Employed,Active
TEN0228,PROP0095,Erin,Humphrey,cantrellthomas@example.net,798.772.3135,1987-03-03,2025-02-28,2025-08-27,6,1777,1274,70654,773,2,Yes,Retired,Active
TEN0229,PROP0091,James,Luna,george37@example.com,990.241.1521x540,1977-12-15,2026-01-21,2026-07-20,6,1289,903,70539,639,2,Yes,Employed,Evicted
TEN0230,PROP0079,Julian,Sanchez,melissa28@example.com,493.610.3222x212,1958-11-22,2023-03-13,2024-09-03,18,1319,3001,51884,740,1,Yes,Employed,Active
TEN0231,PROP0080,Frank,Smith,karen65@example.net,253-241-1736x6800,1974-01-07,2025-07-01,2025-12-28,6,2832,4528,64465,589,5,No,Employed,Inactive
TEN0232,PROP0026,Kelly,Jenkins,lisamoore@example.org,+1-940-864-2624,1965-11-19,2022-11-17,2024-05-10,18,1221,1744,50618,680,2,Yes,Employed,Inactive
TEN0233,PROP0039,Christopher,Henderson,dwheeler@example.org,345-344-4278x223,1962-06-11,2023-05-07,2023-11-03,6,2368,2029,91835,736,2,Yes,Employed,Inactive
TEN0234,PROP0097,Robert,Mckee,jbaxter@example.net,986.446.6149x321,1958-12-03,2023-06-03,2025-05-23,24,1816,4209,59427,714,3,No,Self-Employed,Active
TEN0235,PROP0018,Alicia,Walter,anthonywilson@example.org,+1-577-546-2671x387,1988-10-15,2022-09-30,2023-03-29,6,2912,1176,53507,664,4,Yes,Retired,Inactive
TEN0236,PROP0049,Cory,Nelson,bbrock@example.com,(880)712-5550x1299,1958-12-28,2024-01-29,2025-07-22,18,832,3822,41322,783,2,No,Employed,Active
TEN0237,PROP0092,Keith,Gates,tanderson@example.net,001-550-540-7606x73406,1998-03-10,2024-09-28,2025-09-23,12,3223,4841,90807,738,2,Yes,Employed,Inactive
TEN0238,PROP0004,Melissa,Cowan,aliciachandler@example.com,731.618.7909,1966-02-27,2022-06-23,2023-06-18,12,3404,878,100981,727,3,Yes,Self-Employed,Active
TEN0239,PROP0049,Douglas,Edwards,benjaminjohnson@example.org,001-467-505-9102x834,1969-10-14,2025-06-09,2025-12-06,6,2519,4830,56895,671,1,Yes,Self-Employed,Active
TEN0240,PROP0035,Frederick,Howell,qcortez@example.com,+1-411-821-6699x075,1963-06-10,2022-04-27,2024-04-16,24,2677,1495,121861,740,5,Yes,Employed,Active
TEN0241,PROP0060,Robert,Edwards,logangonzalez@example.org,813.661.2375,1995-02-21,2024-07-31,2025-01-27,6,2581,1870,107580,581,2,No,Employed,Active
TEN0242,PROP0060,Jeremy,Cook,linda16@example.com,766-533-5694x0619,1975-09-07,2023-04-13,2024-10-04,18,1913,2713,71688,781,1,Yes,Employed,Active
TEN0243,PROP0016,Jesus,Leon,loweryjose@example.org,404-746-7934,1992-04-05,2023-07-26,2024-07-20,12,2641,4617,43848,634,3,No,Employed,Active
TEN0244,PROP0032,Jamie,Mendez,christopher43@example.com,780.205.4750x85414,1956-03-07,2026-02-09,2028-01-30,24,1885,1782,70410,787,1,Yes,Self-Employed,Active
TEN0245,PROP0090,Krista,Johnson,alipatrick@example.com,252-401-5490,1961-10-05,2023-06-10,2023-12-07,6,1407,1547,58183,717,2,No,Employed,Active
TEN0246,PROP0047,Ruth,Cabrera,nancy12@example.com,990.836.8576,1961-03-06,2024-02-16,2025-08-09,18,927,4112,137490,639,4,Yes,Employed,Active
TEN0247,PROP0022,Julie,Nash,gallagherjill@example.net,(896)822-6241,1964-06-22,2022-12-18,2023-06-16,6,1710,1870,31567,581,2,No,Employed,Active
TEN0248,PROP0096,Mary,Dean,kennethphillips@example.net,(233)813-7660,1994-09-20,2022-11-22,2023-05-21,6,1107,978,106326,682,1,Yes,Retired,Active
TEN0249,PROP0020,Cindy,Perry,fhawkins@example.com,2265957670,1987-03-29,2023-01-20,2023-07-19,6,1301,1149,148630,719,4,Yes,Employed,Active
TEN0250,PROP0060,Keith,Solis,jdoyle@example.net,+1-861-541-0275x5961,1986-06-29,2025-06-19,2027-06-09,24,2547,2215,33864,745,3,Yes,Retired,Active
TEN0251,PROP0069,Samantha,Contreras,vwalker@example.com,(504)714-5028,2003-03-15,2025-03-29,2026-03-24,12,3451,3217,34541,675,4,No,Retired,Active
TEN0252,PROP0014,Ralph,Cooper,shannon59@example.org,001-928-351-5940x304,1991-05-13,2024-02-21,2025-08-14,18,2517,2433,80202,620,5,Yes,Employed,Inactive
TEN0253,PROP0003,Troy,Mcmahon,michael54@example.net,+1-881-983-8568x77024,1984-01-10,2023-01-15,2025-01-04,24,2764,4770,132487,733,3,No,Employed,Active
TEN0254,PROP0050,Gwendolyn,Neal,hbishop@example.org,+1-418-253-8785x0745,2003-09-07,2023-08-16,2024-08-10,12,1039,4664,33840,693,5,No,Self-Employed,Evicted
TEN0255,PROP0025,Samantha,Black,douglasross@example.org,724.343.1893x709,1997-08-15,2023-07-15,2024-01-11,6,1891,1258,62487,673,2,No,Employed,Inactive
TEN0256,PROP0027,Evan,Jones,asmith@example.net,001-695-639-0562x8325,1969-07-02,2022-11-09,2023-11-04,12,2269,1031,61005,712,3,Yes,Employed,Active
TEN0257,PROP0076,Derek,Roberson,karenchase@example.net,(686)919-7265,1999-06-19,2024-08-05,2026-01-27,18,955,1539,53010,801,1,Yes,Employed,Active
TEN0258,PROP0074,Ronnie,Miller,rachelbonilla@example.net,836-778-8744x91692,1967-03-13,2023-12-04,2024-06-01,6,1334,3591,73481,653,2,No,Employed,Active
TEN0259,PROP0023,Alicia,Leonard,mcculloughjohn@example.org,911.563.5852,1955-12-28,2025-01-07,2025-07-06,6,2294,1394,140949,819,3,No,Employed,Active
TEN0260,PROP0051,Jennifer,Guerra,xgreen@example.net,001-287-243-1264x008,2004-06-12,2023-08-13,2024-08-07,12,3418,4791,50644,773,3,Yes,Self-Employed,Active
TEN0261,PROP0091,Elizabeth,Moore,garzaemily@example.com,479.304.1855,2002-04-24,2023-10-22,2025-04-14,18,2349,3313,59260,639,3,Yes,Employed,Active
TEN0262,PROP0086,Deborah,Perez,slee@example.org,310-888-5801,1978-10-19,2023-05-02,2025-04-21,24,1545,3406,141510,566,5,Yes,Employed,Active
TEN0263,PROP0076,Laura,Anderson,jeremyortiz@example.org,(266)577-9493x78741,2000-01-24,2022-11-10,2023-11-05,12,1774,3641,73406,589,3,Yes,Employed,Evicted
TEN0264,PROP0099,Jay,Lee,perezjason@example.org,3397246766,1986-09-09,2026-01-30,2027-07-24,18,1886,2517,88540,555,2,Yes,Employed,Active
TEN0265,PROP0001,Audrey,Decker,sheltonjacqueline@example.com,(903)362-4474x49926,1986-12-01,2023-01-28,2023-07-27,6,2518,2162,80585,774,4,No,Retired,Active
TEN0266,PROP0058,William,Parker,mperez@example.org,(701)844-3191x99445,1999-10-25,2025-01-29,2025-07-28,6,3167,2647,138633,795,2,No,Employed,Inactive
TEN0267,PROP0046,Jason,Mendez,carrie05@example.net,001-614-822-6004x77373,2002-07-17,2024-05-31,2024-11-27,6,1228,1407,71774,683,3,Yes,Retired,Active
TEN0268,PROP0012,Suzanne,Cline,daviskatrina@example.org,338-248-2279x2012,1992-11-24,2024-05-06,2024-11-02,6,926,4333,74295,797,2,No,Employed,Active
TEN0269,PROP0032,Amanda,George,corey14@example.net,(436)779-5692x690,1971-09-04,2022-10-24,2023-10-19,12,1953,3236,83645,685,2,Yes,Employed,Active
TEN0270,PROP0075,Rodney,Stanton,cclayton@example.net,(583)558-8357x65208,2004-08-19,2024-10-15,2025-10-10,12,815,4302,37144,734,1,No,Self-Employed,Active
TEN0271,PROP0074,Brian,Farmer,alexandramorris@example.com,+1-493-294-9323x53533,1975-12-09,2025-08-16,2026-08-11,12,1647,2199,42712,563,3,Yes,Employed,Active
TEN0272,PROP0060,Ashley,Taylor,pbennett@example.org,277-567-8002,1996-07-06,2024-07-01,2026-06-21,24,1173,3974,94106,685,2,No,Retired,Active
TEN0273,PROP0069,Gary,Johnson,blee@example.org,(876)624-2252x06175,1971-11-13,2022-07-10,2023-01-06,6,2704,2957,64510,775,2,No,Employed,Active
TEN0274,PROP0099,Jake,Farley,christine17@example.org,(800)307-4938,1972-10-31,2024-12-30,2025-06-28,6,3017,4191,41233,726,5,Yes,Employed,Inactive
TEN0275,PROP0079,James,Mitchell,figueroacynthia@example.net,(514)907-1946x04246,1968-05-02,2024-08-19,2026-08-09,24,3145,2730,100190,793,4,No,Employed,Inactive
TEN0276,PROP0005,Laurie,Taylor,jacobbutler@example.net,001-804-571-9495,1996-02-27,2024-03-28,2025-03-23,12,1508,2169,45765,779,2,Yes,Employed,Active
TEN0277,PROP0067,Vicki,Williams,connielutz@example.com,(325)375-2319,1997-10-16,2022-12-10,2023-12-05,12,3237,2912,137815,625,3,Yes,Employed,Active
TEN0278,PROP0083,Robert,Day,eric17@example.net,2243847869,1995-03-18,2023-02-14,2024-08-07,18,2928,4553,142279,691,1,No,Employed,Active
TEN0279,PROP0085,Samuel,Johnston,frances30@example.net,384.226.7687x0992,1983-08-15,2023-08-07,2024-02-03,6,1971,3616,43845,601,4,No,Employed,Active
TEN0280,PROP0090,Caroline,Rodriguez,pacerobert@example.net,4414905346,1961-05-02,2024-12-12,2026-12-02,24,1928,4101,34910,638,2,No,Employed,Inactive
TEN0281,PROP0052,Kelsey,Lin,clopez@example.com,001-797-747-9670x35653,2004-08-14,2025-03-13,2026-03-08,12,1900,3851,36460,793,1,No,Self-Employed,Active
TEN0282,PROP0044,Katie,Shea,guerrerokara@example.org,+1-227-558-3635x0988,1975-01-10,2026-02-08,2028-01-29,24,1733,1900,142490,600,3,No,Self-Employed,Active
TEN0283,PROP0065,Matthew,Schmidt,dtaylor@example.com,+1-699-738-4386x742,1957-08-12,2023-02-21,2023-08-20,6,1665,4135,54633,776,4,No,Self-Employed,Active
TEN0284,PROP0025,Nicole,Rogers,alexanderjackson@example.net,+1-407-446-6924x0900,1987-06-06,2022-07-27,2023-01-23,6,2452,1911,70779,809,5,Yes,Employed,Inactive
TEN0285,PROP0031,Erik,Fisher,michaelhaynes@example.com,840-842-9383,1990-07-06,2024-09-02,2025-03-01,6,2669,1214,62701,566,3,Yes,Employed,Inactive
TEN0286,PROP0077,Jonathan,Ferguson,david15@example.org,001-792-711-9159x614,1962-05-16,2022-12-29,2024-12-18,24,925,2781,113284,613,3,No,Employed,Active
TEN0287,PROP0073,Lisa,Garcia,dennissherman@example.org,411.985.3855x60203,1992-04-15,2025-09-30,2027-03-24,18,1859,1540,75121,633,3,Yes,Employed,Active
TEN0288,PROP0086,Justin,Luna,lance34@example.org,982-870-8077,1983-04-06,2023-02-07,2024-02-02,12,3451,2644,142343,663,2,No,Employed,Active
TEN0289,PROP0002,Sabrina,Russo,collinbailey@example.net,001-461-812-4131x03961,2003-10-24,2025-07-26,2027-07-16,24,3451,2218,149474,617,5,Yes,Employed,Active
TEN0290,PROP0049,Patrick,Avery,savageyvette@example.com,244-667-5989x766,1973-03-21,2024-02-03,2025-07-27,18,2228,4560,85549,742,3,Yes,Employed,Active
TEN0291,PROP0092,Christian,Chandler,ehunt@example.org,+1-696-595-0110x13586,1984-10-01,2025-07-06,2027-06-26,24,830,4990,106609,602,3,No,Employed,Active
TEN0292,PROP0011,Cynthia,Hamilton,doughertymichelle@example.net,669-553-1428,1997-08-28,2024-12-19,2026-06-12,18,1934,2939,66239,716,3,Yes,Employed,Active
TEN0293,PROP0010,David,Walls,monicawilliams@example.com,001-220-704-6974,1980-05-07,2024-03-13,2026-03-03,24,1373,1008,116577,713,4,No,Employed,Active
TEN0294,PROP0059,Kathleen,Sullivan,ashley50@example.net,(717)990-4008x3452,1972-05-04,2023-09-28,2024-03-26,6,2205,2621,106418,647,5,No,Retired,Active
TEN0295,PROP0077,Sean,Herring,fjones@example.com,4413723280,1970-07-15,2024-12-29,2026-06-22,18,3493,2283,140810,637,3,Yes,Employed,Active
TEN0296,PROP0084,Christina,Valdez,paulalexander@example.com,712.301.4597x27347,1959-04-23,2025-02-23,2026-02-18,12,3480,1531,119091,721,2,No,Employed,Inactive
TEN0297,PROP0065,Bryan,Wilson,joshua51@example.org,780-849-6515,2003-08-17,2025-08-13,2027-02-04,18,3198,3208,78717,683,4,Yes,Employed,Inactive
TEN0298,PROP0087,Michael,Huff,mccoykenneth@example.com,691.406.2208x3444,1977-06-25,2023-09-10,2024-03-08,6,2849,1781,91894,649,4,No,Employed,Inactive
TEN0299,PROP0024,James,Bernard,pamelawatson@example.org,764-785-5984,1957-08-04,2023-05-19,2024-05-13,12,2476,4548,56253,725,2,No,Retired,Active
TEN0300,PROP0013,Melinda,Cox,randolphjesse@example.net,426.319.1836,1968-03-31,2025-03-17,2027-03-07,24,2083,1275,73598,640,1,No,Employed,Active
TEN0301,PROP0026,Mary,Thompson,waltonjulie@example.org,+1-969-313-6465,1974-03-07,2026-02-20,2027-02-15,12,1330,4352,94169,595,4,No,Employed,Active
TEN0302,PROP0001,Marvin,Jenkins,jennifer84@example.org,6672855699,1962-05-18,2025-08-02,2026-01-29,6,2328,915,99963,652,3,Yes,Employed,Active
TEN0303,PROP0039,Justin,Wagner,andrearoy@example.net,296-706-0626x10848,1960-12-10,2024-08-14,2025-08-09,12,2078,1856,120901,726,1,No,Employed,Active
TEN0304,PROP0011,Emily,Barnes,kathleenreese@example.com,887-282-3028,1966-02-01,2026-01-14,2026-07-13,6,2667,3567,69085,698,4,Yes,Employed,Inactive
TEN0305,PROP0055,Robert,Williams,stuartann@example.net,208.686.2996x325,1956-09-03,2025-06-10,2026-06-05,12,878,2671,51611,756,2,Yes,Employed,Active
TEN0306,PROP0077,Earl,Marsh,crussell@example.org,3655101048,1960-08-13,2023-06-07,2024-06-01,12,3464,1106,46143,737,4,No,Self-Employed,Active
TEN0307,PROP0089,Nancy,Smith,thoffman@example.net,001-300-329-2702x05096,1963-12-05,2024-12-21,2025-06-19,6,3477,961,116765,605,1,Yes,Employed,Active
TEN0308,PROP0083,David,Freeman,nicolemedina@example.com,+1-975-388-4790,1969-04-26,2025-09-22,2027-03-16,18,1641,876,92180,628,3,No,Employed,Active
TEN0309,PROP0043,Justin,Nelson,maria52@example.com,(331)605-2450x9568,1975-03-31,2025-04-30,2026-04-25,12,2895,1764,84896,603,3,Yes,Self-Employed,Active
TEN0310,PROP0090,Brenda,Watkins,tarapratt@example.org,001-682-884-2649x6631,1966-01-18,2023-11-23,2024-11-17,12,2942,2452,131968,684,3,No,Employed,Active
TEN0311,PROP0076,Christina,Edwards,lauren13@example.com,001-416-607-0635x57340,1989-06-09,2022-08-15,2023-08-10,12,2154,2721,120204,796,1,Yes,Employed,Inactive
TEN0312,PROP0086,Christian,Parker,kristen30@example.net,911-570-2047x17062,1988-01-13,2024-05-25,2026-05-15,24,2895,1414,49548,596,1,No,Employed,Active
TEN0313,PROP0046,Erik,Miller,pdouglas@example.com,493-308-2403x09133,1982-03-06,2023-07-12,2025-01-02,18,1208,2231,90853,575,1,No,Employed,Active
TEN0314,PROP0066,Noah,Daniel,annapacheco@example.com,944-938-8772x0680,2001-11-03,2024-09-27,2025-03-26,6,839,1933,42451,573,2,No,Employed,Active
TEN0315,PROP0092,Anne,Anderson,stephensandrea@example.net,+1-740-660-4006,1966-01-04,2025-11-13,2027-05-07,18,2326,3607,145143,597,2,Yes,Employed,Evicted
TEN0316,PROP0043,Thomas,Lewis,wlewis@example.org,(470)388-2497x011,1991-07-15,2024-01-19,2026-01-08,24,2527,2166,120426,794,1,Yes,Employed,Active
TEN0317,PROP0025,Kevin,Freeman,duncanstacey@example.org,5643751384,1964-07-17,2024-08-29,2025-02-25,6,3130,4389,84529,797,2,No,Self-Employed,Active
TEN0318,PROP0020,Amanda,Reed,baldwinmatthew@example.org,607-590-7889,1973-06-30,2023-12-29,2025-12-18,24,2484,4410,93979,607,1,Yes,Employed,Active
TEN0319,PROP0100,Joel,Petty,grantsandra@example.com,577-493-0274,1970-02-18,2023-01-05,2023-12-31,12,2926,1580,117797,723,4,Yes,Employed,Active
TEN0320,PROP0096,Jennifer,Anderson,tanya76@example.net,579.613.3883,1996-08-11,2025-04-14,2027-04-04,24,847,2085,49484,577,5,No,Retired,Inactive
TEN0321,PROP0012,Lance,Krueger,charles84@example.net,784-252-6071,1998-06-18,2023-11-10,2025-10-30,24,2155,3078,72026,673,1,Yes,Employed,Active
TEN0322,PROP0036,Christopher,Lopez,markpowell@example.net,+1-870-574-3894,1989-08-09,2026-01-03,2026-07-02,6,3147,4470,90174,777,1,No,Employed,Active
TEN0323,PROP0076,Kristin,Nelson,kevin81@example.net,298-493-2772x521,1996-06-18,2022-07-06,2023-01-02,6,2488,1093,43453,756,5,Yes,Self-Employed,Active
TEN0324,PROP0092,Brenda,Ramirez,robert04@example.com,001-209-506-7726,1965-06-14,2023-09-06,2025-02-27,18,3103,2494,146668,810,4,No,Employed,Active
TEN0325,PROP0034,Randy,Floyd,elliswesley@example.org,9852352605,1976-11-24,2022-12-01,2024-11-20,24,3491,3776,73512,792,4,Yes,Employed,Active
TEN0326,PROP0001,Elizabeth,Chang,eduardowalker@example.net,(749)375-2790x30926,1992-11-09,2024-11-29,2026-05-23,18,3043,3862,76548,699,1,Yes,Retired,Active
TEN0327,PROP0062,Robin,Carter,robertsstephanie@example.com,431-773-9400x19476,1961-04-16,2024-07-24,2025-01-20,6,1568,1789,63330,650,4,Yes,Employed,Active
TEN0328,PROP0053,Jessica,Williams,doughertychristina@example.org,453.397.5770x6890,1982-10-15,2023-11-12,2024-05-10,6,990,1809,129241,762,4,No,Employed,Evicted
TEN0329,PROP0022,Gloria,Martinez,katherine08@example.org,(976)235-6508,1967-09-01,2023-06-19,2025-06-08,24,3066,4345,30568,574,5,No,Retired,Active
TEN0330,PROP0027,Dennis,West,timothy23@example.net,251-441-6871x812,1965-04-15,2025-07-25,2026-07-20,12,1224,3973,125747,615,5,No,Employed,Active
TEN0331,PROP0090,Ryan,Jenkins,gary22@example.net,499-308-2922x91392,2003-03-18,2024-06-02,2025-05-28,12,2204,3209,65860,753,4,Yes,Employed,Active
TEN0332,PROP0078,Franklin,Walter,mark14@example.com,(390)838-2213x8013,2004-02-15,2024-04-26,2025-10-18,18,3067,2580,140503,710,2,Yes,Employed,Active
TEN0333,PROP0054,Robert,Burns,victorgoodman@example.org,001-632-309-0701,2000-08-10,2025-09-02,2026-08-28,12,2863,3440,123113,641,1,No,Employed,Active
TEN0334,PROP0099,Joshua,Thomas,amandabutler@example.org,425.351.7209,1989-01-15,2025-09-29,2027-09-19,24,2530,904,118374,696,5,Yes,Employed,Active
TEN0335,PROP0099,Jennifer,Kim,yrhodes@example.net,001-370-718-7914x38685,2002-03-30,2024-08-27,2025-02-23,6,1459,3147,56201,686,3,Yes,Self-Employed,Active
TEN0336,PROP0046,Ronald,Chavez,jamesclayton@example.com,996.260.8003x857,1979-11-08,2022-04-01,2023-03-27,12,2269,4507,128775,566,1,Yes,Self-Employed,Active
TEN0337,PROP0036,Thomas,Wallace,cwilliams@example.com,2958145152,1994-11-13,2024-06-06,2025-11-28,18,2362,3974,120824,574,4,No,Student,Active
TEN0338,PROP0041,Denise,Smith,danielle32@example.com,982.678.2187x79214,1966-12-16,2024-09-15,2025-09-10,12,1723,3812,111338,776,5,Yes,Self-Employed,Evicted
TEN0339,PROP0046,Margaret,Perez,susanwade@example.org,001-902-420-5144x549,1966-12-31,2022-04-05,2024-03-25,24,1565,2223,53255,588,5,Yes,Employed,Active
TEN0340,PROP0084,Michael,Jordan,gravestyler@example.net,782.450.0776x9772,1973-05-18,2023-11-29,2025-05-22,18,3192,2889,47048,632,1,No,Employed,Inactive
TEN0341,PROP0008,Anna,Jenkins,lsmith@example.org,7353600639,1979-01-07,2024-10-30,2025-10-25,12,3361,3267,72287,576,4,No,Employed,Active
TEN0342,PROP0080,Tiffany,Martin,seanmcintyre@example.net,(387)221-6176x911,1976-11-11,2025-02-11,2026-02-06,12,1079,4938,54100,816,2,No,Employed,Active
TEN0343,PROP0054,Corey,Adams,rjohnson@example.com,375-920-4016x830,1997-12-06,2024-11-03,2025-10-29,12,2159,3512,145788,659,3,No,Employed,Active
TEN0344,PROP0080,Mark,Stewart,ysanchez@example.com,(428)518-8418,1981-09-25,2024-01-28,2026-01-17,24,1269,3634,103575,554,4,Yes,Retired,Active
TEN0345,PROP0092,Matthew,Green,danielle65@example.com,237.357.5223x633,1964-12-30,2023-06-22,2024-06-16,12,2362,1728,35226,714,4,No,Employed,Active
TEN0346,PROP0079,Pamela,Salas,henry25@example.org,341-459-8298x074,1982-08-03,2026-03-16,2027-09-07,18,2625,4787,97411,810,1,No,Retired,Active
TEN0347,PROP0078,Jason,Allen,lynn96@example.net,(903)688-7787x921,1960-03-01,2022-05-15,2022-11-11,6,3003,860,42577,635,1,Yes,Employed,Active
TEN0348,PROP0066,Brett,Berg,nbrown@example.net,826.411.8525x157,1978-09-03,2022-10-20,2023-04-18,6,3448,1390,56945,772,2,Yes,Employed,Active
TEN0349,PROP0014,Mary,Schaefer,melaniestevenson@example.net,+1-763-201-6617x2719,2000-07-06,2024-09-07,2025-03-06,6,1831,1377,37113,641,5,Yes,Retired,Active
TEN0350,PROP0069,Tricia,Ramirez,tjefferson@example.org,750-966-8227x97584,1963-11-09,2025-05-20,2027-05-10,24,869,3990,86757,711,1,Yes,Employed,Active
TEN0351,PROP0087,Justin,Nichols,christopher23@example.net,7143127470,1963-11-10,2024-04-05,2024-10-02,6,2265,4919,121866,587,1,No,Self-Employed,Active
TEN0352,PROP0014,Paula,Gibson,katelyndavis@example.net,(588)381-7554x69862,1996-01-27,2023-07-03,2024-12-24,18,2362,4036,130306,774,1,No,Employed,Active
TEN0353,PROP0060,Peter,Nielsen,jennajordan@example.org,386-770-8797x181,1963-11-29,2023-08-13,2025-02-03,18,2020,3856,113105,623,1,Yes,Employed,Active
TEN0354,PROP0089,Laura,Dixon,randycardenas@example.org,(914)675-1989x7437,2004-12-21,2025-07-29,2027-07-19,24,2048,2520,100405,593,3,Yes,Employed,Active
TEN0355,PROP0078,Sean,Lee,allisonmaria@example.com,4863871217,1961-10-31,2025-04-14,2026-04-09,12,1704,2870,51096,644,2,Yes,Employed,Active
TEN0356,PROP0009,Michael,Barron,jeremy17@example.org,(893)993-5260x32305,1974-01-08,2023-01-10,2024-12-30,24,1990,1351,114498,587,3,Yes,Employed,Active
TEN0357,PROP0052,Rodney,Clark,lisamartinez@example.net,(648)782-6743x3503,1958-06-30,2023-10-07,2025-03-30,18,1209,3135,46805,670,5,Yes,Retired,Active
TEN0358,PROP0069,Carol,Hicks,ireeves@example.com,918.970.4219x01146,1990-05-19,2024-04-20,2025-10-12,18,3192,2048,110785,706,5,No,Self-Employed,Evicted
TEN0359,PROP0026,David,Price,andersonbrittany@example.com,001-550-475-6688,1983-06-30,2024-05-10,2024-11-06,6,1707,4372,71053,676,3,No,Employed,Active
TEN0360,PROP0074,Michael,Ward,vglenn@example.org,+1-223-579-4537x6803,1999-03-19,2025-04-26,2027-04-16,24,2051,4789,88373,733,5,Yes,Employed,Active
TEN0361,PROP0044,Cassandra,Martinez,sdaniel@example.org,801-869-4261x14911,1956-01-27,2025-07-02,2026-06-27,12,1878,1426,146824,650,1,Yes,Self-Employed,Active
TEN0362,PROP0087,Mary,Phillips,carolynwalker@example.net,(578)442-4558,1968-03-08,2025-09-30,2027-09-20,24,950,2934,130820,658,5,No,Employed,Active
TEN0363,PROP0060,Alexandra,Carter,valerie05@example.net,001-813-493-9283x365,1975-09-27,2023-05-06,2024-04-30,12,1348,4606,146842,698,5,Yes,Employed,Active
TEN0364,PROP0098,Elizabeth,Dunn,carrie79@example.net,978-471-6273x633,2004-03-03,2022-10-03,2023-09-28,12,2905,1949,141146,634,4,Yes,Employed,Inactive
TEN0365,PROP0098,Ryan,Howard,josephgordon@example.net,+1-715-635-1919x1816,1969-11-27,2023-04-26,2024-04-20,12,2269,1131,126458,797,2,No,Employed,Active
TEN0366,PROP0035,Carl,Dillon,tlee@example.org,001-817-463-9153x77337,1957-04-06,2023-05-17,2023-11-13,6,2921,3759,117632,655,4,No,Retired,Inactive
TEN0367,PROP0008,Patricia,Lopez,sarah84@example.net,(545)853-5131x7470,1989-07-28,2022-09-18,2024-03-11,18,3395,3040,43529,816,3,Yes,Employed,Active
TEN0368,PROP0088,Ryan,Reed,ocarroll@example.net,2888251199,1988-09-17,2022-08-13,2023-02-09,6,2341,2625,97720,678,5,No,Employed,Inactive
TEN0369,PROP0075,Scott,Freeman,flemingdennis@example.org,385-343-4255,1966-05-15,2024-08-06,2026-07-27,24,2855,1938,146283,553,4,Yes,Employed,Active
TEN0370,PROP0044,Stephanie,Johnson,stanleyrichard@example.org,+1-298-226-6107x70564,1987-05-19,2022-11-23,2023-11-18,12,1444,3767,49692,645,5,Yes,Employed,Active
TEN0371,PROP0052,Kelly,Vaughn,michael83@example.net,(715)560-9521,1994-05-03,2026-02-02,2026-08-01,6,2762,2526,93113,795,5,Yes,Employed,Active
TEN0372,PROP0039,Evan,French,bassautumn@example.com,723.653.2892,1971-07-02,2024-08-31,2025-02-27,6,1351,4999,46762,632,1,Yes,Employed,Active
TEN0373,PROP0028,Lawrence,Merritt,anthony80@example.net,904.544.2623,1991-05-03,2025-12-05,2027-11-25,24,1961,1502,108558,559,2,No,Employed,Active
TEN0374,PROP0074,James,Roman,bennettamy@example.org,670.440.1398,1975-12-30,2025-08-28,2026-08-23,12,3261,1969,58752,760,5,Yes,Employed,Active
TEN0375,PROP0026,Sarah,Blanchard,nancypowell@example.org,001-474-710-6842,1985-02-03,2022-03-27,2023-09-18,18,1741,3898,89437,585,4,Yes,Employed,Active
TEN0376,PROP0077,Joshua,Porter,valdezcalvin@example.org,469.941.2682x9023,1994-09-05,2025-05-04,2027-04-24,24,3280,1588,138332,626,2,No,Retired,Active
TEN0377,PROP0081,Tyler,Clark,imurphy@example.net,(588)763-2160x654,2001-09-09,2025-07-01,2025-12-28,6,3500,1867,42214,796,5,Yes,Retired,Active
TEN0378,PROP0097,Robert,Morales,lancemorrow@example.org,001-920-527-7937,1990-01-16,2025-03-09,2027-02-27,24,2317,1155,98425,765,5,No,Employed,Inactive
TEN0379,PROP0058,Tim,Craig,woodstina@example.com,+1-463-804-4104x7263,1974-02-01,2024-02-01,2025-07-25,18,2542,1896,107207,600,3,No,Self-Employed,Inactive
TEN0380,PROP0013,Ruth,Davis,thomas49@example.org,400.781.1438x22641,1957-04-05,2023-10-12,2025-04-04,18,1855,2348,108419,759,1,Yes,Employed,Active
TEN0381,PROP0001,Faith,Brennan,catkinson@example.net,408.859.4295x052,1961-05-30,2025-06-14,2027-06-04,24,2093,4149,115792,655,3,Yes,Employed,Active
TEN0382,PROP0041,Joshua,Ramirez,hughesjohn@example.net,+1-830-588-3138x82970,1974-09-03,2025-02-06,2026-07-31,18,3112,3795,142063,766,5,No,Student,Active
TEN0383,PROP0032,Gilbert,Wilson,colemanjessica@example.net,+1-986-562-9012,1970-04-29,2022-11-01,2024-10-21,24,1532,3832,102365,797,5,No,Employed,Active
TEN0384,PROP0054,Brianna,Brooks,kerrvictoria@example.net,839.844.3619x748,1963-02-11,2022-06-09,2024-05-29,24,3500,1775,126440,620,2,No,Self-Employed,Inactive
TEN0385,PROP0015,Duane,Schmidt,howelldenise@example.org,001-469-538-6766x981,1996-07-13,2024-05-09,2025-05-04,12,2186,1226,96629,755,2,No,Student,Active
TEN0386,PROP0014,Dylan,Santiago,edwardszachary@example.com,(363)632-8883x2864,1963-05-31,2024-02-22,2025-02-16,12,1161,1324,91822,772,3,Yes,Employed,Active
TEN0387,PROP0059,Kimberly,Johnson,freemannathan@example.org,863-986-6490x906,1980-02-09,2025-12-11,2027-12-01,24,1973,1270,110473,816,2,No,Employed,Active
TEN0388,PROP0098,David,Dunn,virginiaallen@example.net,8606768110,1979-06-06,2025-08-31,2027-02-22,18,3255,4982,55525,567,5,Yes,Employed,Active
TEN0389,PROP0056,Colleen,Moore,schultzangela@example.net,001-953-848-5263,1969-11-03,2025-10-02,2026-09-27,12,1444,1511,115854,550,3,No,Employed,Active
TEN0390,PROP0088,Marcus,Walker,marcusgilbert@example.net,645-748-1777,1957-08-25,2024-11-18,2025-11-13,12,1081,1538,97861,557,5,No,Self-Employed,Active
TEN0391,PROP0087,Anna,Conner,chungkaren@example.org,(986)976-6318,1970-03-09,2023-08-10,2025-01-31,18,1726,2393,75544,691,4,No,Employed,Active
TEN0392,PROP0062,Carrie,Johnson,urobinson@example.net,(390)679-4092x23776,2002-06-06,2025-09-12,2026-03-11,6,2860,3210,103220,587,3,Yes,Self-Employed,Evicted
TEN0393,PROP0081,Tamara,Clark,maureen43@example.net,(737)651-1547,2000-10-24,2023-01-07,2024-06-30,18,2344,4761,120989,776,2,No,Student,Active
TEN0394,PROP0070,Jacob,Carrillo,wrightlindsay@example.com,(553)894-8946x6657,1973-01-04,2025-06-03,2025-11-30,6,1856,1353,93172,609,4,Yes,Employed,Active
TEN0395,PROP0050,Danielle,White,melissahawkins@example.com,953-607-0231x205,1978-04-28,2024-12-09,2026-11-29,24,2994,879,76281,814,3,Yes,Employed,Active
TEN0396,PROP0053,Mike,Foster,penaerik@example.net,(270)894-4755x5799,1989-12-13,2022-09-21,2023-03-20,6,2751,3371,102686,641,3,Yes,Retired,Active
TEN0397,PROP0030,Anthony,Miles,shawnedwards@example.org,482-214-9737,1978-04-02,2024-04-04,2026-03-25,24,1761,2782,126614,652,3,Yes,Employed,Inactive
TEN0398,PROP0092,Ashley,Flores,kentlopez@example.com,001-299-371-1007x836,1995-02-25,2022-03-30,2023-09-21,18,1291,1442,50446,604,4,Yes,Self-Employed,Active
TEN0399,PROP0008,Denise,Christian,nmcdonald@example.org,(252)465-5523x7025,1958-03-29,2025-07-22,2027-07-12,24,2816,3050,78653,711,4,Yes,Student,Inactive
TEN0400,PROP0044,Dennis,Sims,anna14@example.org,242.448.1538x331,2000-06-09,2024-07-12,2026-07-02,24,1021,4266,59110,615,4,Yes,Employed,Active
